{"22.5": {"retrograde": 0.02926554177948114, "prograde": 0.1371621297003741, "retrograde_min": 0.024144793597448526, "retrograde_max": 0.03266053001390294}, "45": {"retrograde": 0.05744550499345704, "prograde": 0.1548591059510697, "retrograde_min": 0.054879809427020296, "retrograde_max": 0.058749237406672095}, "90": {"retrograde": 0.09565258337112893, "prograde": 0.16831400077238326, "retrograde_min": 0.08992292961127694, "retrograde_max": 0.1090948185489308}}